9702,9463,9451,9314,9314,9314,9367,9536,9536,9536,
9697,9448,9432,9280,9280,9280,9285,9481,9481,9481,
9697,9478,9463,9322,9322,9322,9335,9512,9512,9512,
9700,9480,9461,9299,9299,9299,9311,9487,9487,9487,
9706,9447,9432,9251,9251,9251,9247,9398,9398,9398,
9669,9444,9432,9243,9243,9243,9238,9411,9411,9411,
9704,9455,9435,9254,9254,9254,9271,9452,9452,9452,
9721,9464,9452,9297,9297,9297,9311,9531,9531,9531,
9667,9427,9408,9279,9279,9279,9303,9445,9445,9445,
9743,9507,9494,9358,9358,9358,9381,9463,9463,9463,
9704,9454,9433,9303,9303,9303,9325,9475,9475,9475,
9695,9440,9423,9280,9280,9280,9280,9452,9452,9452,
9677,9445,9427,9304,9304,9304,9300,9466,9466,9466,
9693,9461,9445,9300,9300,9300,9303,9540,9540,9540,
9694,9450,9432,9294,9294,9294,9306,9438,9438,9438,
9707,9456,9442,9288,9288,9288,9300,9477,9477,9477,
9701,9453,9434,9287,9287,9287,9285,9436,9436,9436,
9719,9493,9473,9283,9283,9283,9300,9558,9558,9558,
9718,9485,9464,9291,9291,9291,9315,9477,9477,9477,
9707,9472,9457,9273,9273,9273,9290,9439,9439,9439,
9705,9466,9454,9289,9289,9289,9302,9468,9468,9468,
9709,9455,9436,9301,9301,9301,9323,9528,9528,9528,
9689,9425,9408,9263,9263,9263,9252,9468,9468,9468,
9679,9442,9425,9252,9252,9252,9276,9436,9436,9436,
9706,9460,9443,9310,9310,9310,9314,9469,9469,9469,
9708,9475,9456,9286,9286,9286,9297,9451,9451,9451,
9690,9443,9427,9267,9267,9267,9257,9465,9465,9465,
9697,9447,9428,9290,9290,9290,9285,9500,9500,9500,
9717,9484,9471,9322,9322,9322,9323,9504,9504,9504,
9655,9411,9393,9238,9238,9238,9254,9424,9424,9424,
9719,9457,9437,9304,9304,9304,9309,9415,9415,9415,
9707,9460,9444,9276,9276,9276,9301,9457,9457,9457,
9720,9476,9460,9313,9313,9313,9315,9461,9461,9461,
9694,9451,9434,9270,9270,9270,9285,9494,9494,9494,
9719,9455,9437,9273,9273,9273,9301,9491,9491,9491,
9694,9458,9440,9289,9289,9289,9311,9463,9463,9463,
9721,9468,9455,9307,9307,9307,9319,9582,9582,9582,
9687,9454,9438,9323,9323,9323,9371,9460,9460,9460,
9696,9457,9438,9271,9271,9271,9288,9471,9471,9471,
9697,9442,9425,9267,9267,9267,9286,9400,9400,9400,
9721,9469,9454,9293,9293,9293,9329,9499,9499,9499,
9722,9480,9463,9328,9328,9328,9359,9536,9536,9536,
9706,9474,9458,9313,9313,9313,9323,9485,9485,9485,
9727,9490,9471,9334,9334,9334,9347,9558,9558,9558,
9726,9477,9462,9313,9313,9313,9341,9568,9568,9568,
9692,9447,9429,9279,9279,9279,9307,9486,9486,9486,
9707,9465,9450,9303,9303,9303,9322,9511,9511,9511,
9682,9455,9436,9275,9275,9275,9278,9447,9447,9447,
9713,9455,9439,9264,9264,9264,9275,9481,9481,9481,
9674,9416,9400,9234,9234,9234,9255,9425,9425,9425,
9707,9459,9443,9284,9284,9284,9302,9487,9487,9487,
9719,9464,9449,9277,9277,9277,9269,9458,9458,9458,
9711,9453,9439,9276,9276,9276,9311,9417,9417,9417,
9714,9456,9439,9300,9300,9300,9330,9543,9543,9543,
9708,9460,9442,9315,9315,9315,9334,9464,9464,9464,
9694,9456,9437,9273,9273,9273,9280,9393,9393,9393,
9714,9471,9454,9279,9279,9279,9301,9470,9470,9470,
9714,9482,9466,9324,9324,9324,9328,9532,9532,9532,
9714,9473,9458,9267,9267,9267,9280,9455,9455,9455,
9699,9456,9440,9297,9297,9297,9313,9471,9471,9471,
9676,9432,9411,9263,9263,9263,9276,9356,9356,9356,
9681,9442,9425,9273,9273,9273,9307,9476,9476,9476,
9706,9466,9447,9311,9311,9311,9304,9572,9572,9572,
9670,9399,9381,9266,9266,9266,9269,9465,9465,9465,
9724,9497,9481,9319,9319,9319,9327,9450,9450,9450,
9674,9429,9421,9253,9253,9253,9264,9520,9520,9520,
9696,9481,9462,9295,9295,9295,9300,9475,9475,9475,
9691,9447,9428,9291,9291,9291,9308,9463,9463,9463,
9698,9445,9429,9267,9267,9267,9265,9455,9455,9455,
9687,9448,9433,9288,9288,9288,9305,9500,9500,9500,
9741,9497,9479,9332,9332,9332,9369,9474,9474,9474,
9720,9489,9471,9318,9318,9318,9319,9488,9488,9488,
9692,9446,9426,9255,9255,9255,9250,9454,9454,9454,
9683,9436,9424,9271,9271,9271,9287,9491,9491,9491,
9701,9452,9437,9277,9277,9277,9298,9417,9417,9417,
9707,9448,9429,9233,9233,9233,9254,9401,9401,9401,
9713,9463,9443,9320,9320,9320,9340,9472,9472,9472,
9710,9455,9441,9301,9301,9301,9315,9484,9484,9484,
9721,9472,9455,9307,9307,9307,9344,9537,9537,9537,
9694,9461,9445,9301,9301,9301,9334,9476,9476,9476,
9681,9434,9422,9292,9292,9292,9289,9441,9441,9441,
9710,9485,9469,9317,9317,9317,9332,9541,9541,9541,
9725,9486,9468,9320,9320,9320,9338,9454,9454,9454,
9735,9469,9454,9347,9347,9347,9351,9549,9549,9549,
9703,9454,9438,9324,9324,9324,9338,9471,9471,9471,
9695,9450,9434,9259,9259,9259,9270,9379,9379,9379,
9711,9481,9467,9321,9321,9321,9343,9441,9441,9441,
9732,9480,9467,9355,9355,9355,9373,9535,9535,9535,
9712,9439,9423,9297,9297,9297,9316,9518,9518,9518,
9718,9466,9450,9249,9249,9249,9264,9400,9400,9400,
9682,9459,9445,9292,9292,9292,9293,9419,9419,9419,
9675,9437,9415,9265,9265,9265,9263,9373,9373,9373,
9708,9475,9456,9303,9303,9303,9343,9484,9484,9484,
9721,9488,9472,9318,9318,9318,9337,9457,9457,9457,
9719,9489,9477,9302,9302,9302,9331,9473,9473,9473,
9714,9466,9450,9326,9326,9326,9340,9443,9443,9443,
9705,9457,9441,9289,9289,9289,9316,9475,9475,9475,
9718,9466,9447,9287,9287,9287,9297,9468,9468,9468,
9707,9460,9447,9276,9276,9276,9304,9442,9442,9442,
9679,9445,9430,9283,9283,9283,9287,9417,9417,9417,
